model,split,fold,crime_cat,n_cells,spearman_global,kendall_global,recall5,recall10,ndcg,pai10,pei10,nmae,smape,log_rmse,intra_spearman,intra_recall10,intra_ndcg,intra_pai,intra_n_districts,macro_intra_spearman,min_intra_spearman,macro_intra_recall10,min_intra_recall10,macro_intra_ndcg,min_intra_ndcg,macro_intra_pai,min_intra_pai
M1_demografia,temporal_expanding,2020,robo_hurto_callejero,51160.0,0.5675921693694306,0.4706302234968173,0.466810598626104,0.7565063788027477,0.8612437463801741,7.565063788027477,0.8407643312101911,22.248899821972152,1.9465950002987722,1.495525452538648,0.3181365744472537,0.2634291536178121,0.6843082366443332,2.6342915361781216,44.0,,,,,,,,
M1_demografia,temporal_expanding,2020,extorsion,50065.0,0.07366127185673266,0.062215917907788014,0.4551282051282051,0.5512820512820513,0.4598652950768448,5.512820512820513,0.5512820512820513,32.646169564413626,1.996651315217471,0.18579003903099428,0.015388507494932278,0.1725562631812632,0.26705896413419794,1.7255626318126318,32.0,,,,,,,,
M1_demografia,temporal_expanding,2020,estafa,50139.0,0.2696615532747153,0.22733455900287042,0.5479582146248813,0.8005698005698005,0.7639204838181108,8.005698005698004,0.8005698005698004,160.15684878334287,1.9912052517688381,1.4797766179343212,0.12014945560948623,0.24130631859080728,0.5006825548751542,2.413063185908073,42.0,,,,,,,,
M1_demografia,temporal_expanding,2020,violencia_familiar_sexual,51306.0,0.605607628482871,0.4990436717848713,0.39562452623599764,0.6944748589236082,0.8796368905712255,6.944748589236081,0.798035277892037,19.357298049998008,1.9412177426386767,1.83520239804678,0.29397027766108835,0.2153251296245422,0.6908426464524017,2.153251296245422,44.0,,,,,,,,
M1_demografia,temporal_expanding,2020,secuestro,50065.0,0.0675562228123416,0.056890222860565824,0.4161849710982659,0.5491329479768786,0.3749980003241362,5.491329479768786,0.5491329479768786,19.269690621931407,1.997510602791225,0.13790228148161907,0.006357065093764878,0.10333081950729009,0.22304682055531644,1.0333081950729008,34.0,,,,,,,,
M1_demografia,temporal_expanding,2020,__macro__,,,,,,,,,,,,,,,,,0.15080037606130509,0.006357065093764878,0.199189536904343,0.10333081950729009,0.47318784453228063,0.22304682055531644,1.99189536904343,1.0333081950729008
M2_osm,temporal_expanding,2020,robo_hurto_callejero,51160.0,0.5668006497895384,0.4669415399749821,0.517369970559372,0.7884985279685967,0.8776925317721895,7.884985279685966,0.8763196928714773,24.052336419525965,1.9472392164079606,1.4923737106697836,0.3620305497039065,0.2875167020173444,0.7068879844603985,2.8751670201734445,44.0,,,,,,,,
M2_osm,temporal_expanding,2020,extorsion,50065.0,0.07552614337661874,0.06312262682733659,0.391025641025641,0.5512820512820513,0.4644241737632692,5.512820512820513,0.5512820512820513,32.60794715255208,1.9960311657654852,0.18540741719825418,0.03932225356726032,0.215747446997447,0.2804452774267948,2.15747446997447,32.0,,,,,,,,
M2_osm,temporal_expanding,2020,estafa,50139.0,0.2686130834158551,0.22381247499676288,0.5930674264007597,0.8072174738841406,0.7874852632753422,8.072174738841404,0.8072174738841404,161.49235218344475,1.992957516297257,1.4786323017298992,0.14922621975207948,0.26025659230497017,0.5267043098902858,2.6025659230497014,42.0,,,,,,,,
M2_osm,temporal_expanding,2020,violencia_familiar_sexual,51306.0,0.6106490838119059,0.5014646062670297,0.4756380021898425,0.7415775288469637,0.9022926252056692,7.415775288469637,0.8521619202013114,20.68698526283263,1.9458856073333675,1.8282284940327727,0.4052053922596836,0.28671354579697544,0.7499379711306555,2.867135457969755,44.0,,,,,,,,
M2_osm,temporal_expanding,2020,secuestro,50065.0,0.06725904511029389,0.05649685088170073,0.37572254335260113,0.5491329479768786,0.3735031354725015,5.491329479768786,0.5491329479768786,19.296535048688277,1.9974162212900965,0.1379312325405299,0.0025488965293580775,0.10514705882352941,0.23032649891089055,1.0514705882352944,34.0,,,,,,,,
M2_osm,temporal_expanding,2020,__macro__,,,,,,,,,,,,,,,,,0.1916666623624576,0.0025488965293580775,0.2310762691880533,0.10514705882352941,0.4988604083638051,0.23032649891089055,2.310762691880533,1.0514705882352944
M3_hist_kde,temporal_expanding,2020,robo_hurto_callejero,51160.0,0.5679352311066531,0.4688681328117696,0.5026104023552502,0.771540726202159,0.8776361588601522,7.715407262021589,0.8574731698804642,26.657507504841593,1.948733299676072,1.5239816571270872,0.3083999123949493,0.28239076066999114,0.7083285860610083,2.8239076066999123,44.0,,,,,,,,
M3_hist_kde,temporal_expanding,2020,extorsion,50065.0,0.07500337249108838,0.06244205698435363,0.3974358974358974,0.5641025641025641,0.48414658981132425,5.6410256410256405,0.5641025641025641,33.39604529653281,1.9964584527991276,0.18957652217039736,0.026938890853994216,0.21850198412698413,0.31735951836070464,2.1850198412698414,32.0,,,,,,,,
M3_hist_kde,temporal_expanding,2020,estafa,50139.0,0.26896345507084596,0.22345983063612998,0.6044634377967711,0.8095916429249762,0.7805775031117015,8.095916429249762,0.8095916429249762,182.848997380026,1.9923576350231726,1.503209812205496,0.08241845884128926,0.19524084569440459,0.5062391609176374,1.9524084569440459,42.0,,,,,,,,
M3_hist_kde,temporal_expanding,2020,violencia_familiar_sexual,51306.0,0.6121298149989135,0.5045603506340186,0.4628569022151099,0.723300766444875,0.8957960964877508,7.233007664448749,0.8311597183575697,23.574315326762644,1.9468641508258435,1.8697883500119599,0.3458997832477189,0.2877840996945853,0.7408236250354047,2.8778409969458525,44.0,,,,,,,,
M3_hist_kde,temporal_expanding,2020,secuestro,50065.0,0.0658980658833669,0.05499614097588049,0.4046242774566474,0.5606936416184971,0.37678867477895295,5.606936416184971,0.5606936416184971,19.586583220000453,1.9978380642936875,0.14021293497464266,0.0024053142149652196,0.15848730517848164,0.2297888044579772,1.5848730517848164,34.0,,,,,,,,
M3_hist_kde,temporal_expanding,2020,__macro__,,,,,,,,,,,,,,,,,0.15321247191058338,0.0024053142149652196,0.22848099907288938,0.15848730517848164,0.5005079389665464,0.2297888044579772,2.2848099907288937,1.5848730517848164
M4_temporal,temporal_expanding,2020,robo_hurto_callejero,51160.0,0.5678985478843934,0.4688350352517938,0.5016683022571148,0.7714622178606477,0.8784343543779843,7.714622178606477,0.8573859174592096,26.645393255486052,1.9487628249963356,1.523800565196047,0.3080508199481802,0.28168577457747573,0.7087650645057125,2.8168577457747577,44.0,,,,,,,,
M4_temporal,temporal_expanding,2020,extorsion,50065.0,0.07513579246355552,0.0625339891937136,0.3974358974358974,0.5641025641025641,0.4726615525282184,5.6410256410256405,0.5641025641025641,33.387792054157266,1.996464015494799,0.18947896485461466,0.018018654040612328,0.1939484126984127,0.30986680416979434,1.939484126984127,32.0,,,,,,,,
M4_temporal,temporal_expanding,2020,estafa,50139.0,0.2688969194939968,0.22342052335066143,0.6035137701804368,0.8095916429249762,0.784973538342982,8.095916429249762,0.8095916429249762,182.15471299240056,1.992337656166495,1.5028699948267132,0.0881299131929926,0.19043618254197497,0.5092355621102167,1.9043618254197496,42.0,,,,,,,,
M4_temporal,temporal_expanding,2020,violencia_familiar_sexual,51306.0,0.61266435979094,0.505655598028651,0.4633622504842921,0.7242482944495915,0.8957968604877385,7.242482944495914,0.8322485421858742,23.552215039511204,1.9469120467913477,1.8697098719471916,0.34839833616662125,0.28856410453643383,0.7417774803241646,2.885641045364338,44.0,,,,,,,,
M4_temporal,temporal_expanding,2020,secuestro,50065.0,0.06705181039839912,0.055963011058211304,0.4046242774566474,0.5606936416184971,0.3777128615344545,5.606936416184971,0.5606936416184971,19.595069003606305,1.997836744864213,0.14024744657146426,0.014186413611973243,0.1486833836098542,0.23600911226109672,1.486833836098542,34.0,,,,,,,,
M4_temporal,temporal_expanding,2020,__macro__,,,,,,,,,,,,,,,,,0.1553568273920759,0.014186413611973243,0.2206635715928303,0.1486833836098542,0.501130804674197,0.23600911226109672,2.2066357159283028,1.486833836098542
M1_demografia,temporal_expanding,2021,robo_hurto_callejero,51461.0,0.6067325715578827,0.5032629493683963,0.44259557807461997,0.744155918931368,0.8856368274245728,7.44155918931368,0.8556438265475008,12.152552989342821,1.914079301242715,1.2674126630157894,0.3684495812799721,0.2705261156992122,0.7365548671398096,2.705261156992122,43.0,,,,,,,,
M1_demografia,temporal_expanding,2021,extorsion,50064.0,0.11168913655941627,0.09432084381300983,0.5014084507042254,0.6676056338028169,0.5332341594984021,6.676056338028169,0.6676056338028169,14.106587577352144,1.9927393484750016,0.18233650574340615,0.03301646830715573,0.17865218024531748,0.3205438940304032,1.7865218024531748,36.0,,,,,,,,
M1_demografia,temporal_expanding,2021,estafa,50183.0,0.32923727827486815,0.276218745783412,0.5506697728596389,0.7920792079207921,0.8039440413078511,7.920792079207921,0.7920792079207921,102.24194105960777,1.9891879023483179,1.4775418467069357,0.1451343488950757,0.24444068086744267,0.5690142621765397,2.444406808674426,42.0,,,,,,,,
M1_demografia,temporal_expanding,2021,violencia_familiar_sexual,51380.0,0.6188099455225353,0.5104422063232312,0.3957021043890385,0.6955015899378203,0.8949206410131505,6.9550158993782025,0.8132578628268283,16.740147000903463,1.9326449837779118,1.716136916770865,0.358679458571083,0.24726958879337532,0.7471400669372109,2.4726958879337526,44.0,,,,,,,,
M1_demografia,temporal_expanding,2021,secuestro,50066.0,0.0777401099743049,0.06565014869460681,0.3821138211382114,0.5121951219512195,0.4259814308973941,5.121951219512195,0.5121951219512195,12.426425129017211,1.9970389438733012,0.1260115221769467,0.04959090200228042,0.23373520942725096,0.26217002176412363,2.3373520942725095,34.0,,,,,,,,
M1_demografia,temporal_expanding,2021,__macro__,,,,,,,,,,,,,,,,,0.19097415181111338,0.03301646830715573,0.23492475500651974,0.17865218024531748,0.5270846224096174,0.26217002176412363,2.349247550065197,1.7865218024531748
M2_osm,temporal_expanding,2021,robo_hurto_callejero,51461.0,0.6085821763004864,0.5041429089894501,0.50509557807462,0.7746430216490097,0.9136203389544425,7.746430216490096,0.8906984442237669,13.180847882417453,1.9159418975429376,1.26249967486418,0.4414777518541269,0.30071302874571765,0.7797955196458264,3.007130287457176,43.0,,,,,,,,
M2_osm,temporal_expanding,2021,extorsion,50064.0,0.11228666489127681,0.09372069101853592,0.49295774647887325,0.6647887323943662,0.5347613846976011,6.647887323943662,0.6647887323943662,14.095237469652318,1.9925872214888278,0.1819463827991779,0.07612248361794037,0.2343998819521265,0.34003093625723724,2.3439988195212655,36.0,,,,,,,,
M2_osm,temporal_expanding,2021,estafa,50183.0,0.330350537151828,0.2753222132140298,0.5853232382061736,0.8171228887594641,0.8138910865564017,8.17122888759464,0.817122888759464,103.4824144715777,1.9874431393429324,1.4765054206605976,0.17438194453143518,0.2608716809424934,0.6014996501351048,2.608716809424934,42.0,,,,,,,,
M2_osm,temporal_expanding,2021,violencia_familiar_sexual,51380.0,0.6263425856662307,0.5181239657052952,0.47600915480120715,0.7419844854475118,0.9150609369376065,7.419844854475118,0.8676108374384236,17.997242643867644,1.9359924770416734,1.7087393231488484,0.4257568277252337,0.31881483062142907,0.7733355531221787,3.188148306214291,44.0,,,,,,,,
M2_osm,temporal_expanding,2021,secuestro,50066.0,0.07818626574337433,0.06475000900857,0.3902439024390244,0.508130081300813,0.4269858539166568,5.08130081300813,0.5081300813008129,12.42599506601467,1.9974959728296944,0.12583071839710125,0.05528133502539923,0.241328409191731,0.2747522725786784,2.4132840919173097,34.0,,,,,,,,
M2_osm,temporal_expanding,2021,__macro__,,,,,,,,,,,,,,,,,0.2346040685508271,0.05528133502539923,0.27122556629069955,0.2343998819521265,0.5538827863478051,0.2747522725786784,2.7122556629069954,2.3439988195212655
M3_hist_kde,temporal_expanding,2021,robo_hurto_callejero,51461.0,0.6096989264056117,0.5047688417668507,0.48687240902809764,0.7583774758175956,0.9051796116566054,7.583774758175956,0.8719960278053625,14.32380379255196,1.9154975488067911,1.2801246804533362,0.3842014548362571,0.30034025551967725,0.758057793378555,3.003402555196773,43.0,,,,,,,,
M3_hist_kde,temporal_expanding,2021,extorsion,50064.0,0.11151981277985562,0.09325669665017863,0.4140845070422535,0.676056338028169,0.5348254660935705,6.76056338028169,0.676056338028169,14.414095729032038,1.9926287431375123,0.18580955600733579,0.041160534357158406,0.1954661889872158,0.31889892808039805,1.9546618898721586,36.0,,,,,,,,
M3_hist_kde,temporal_expanding,2021,estafa,50183.0,0.3301633855208692,0.276067605675995,0.5894001164822364,0.8209085614443797,0.8129309324000311,8.209085614443797,0.8209085614443797,118.47074878791987,1.9875889370659352,1.5076676712228827,0.12724275290341908,0.2460020174426291,0.587005718119217,2.4600201744262913,42.0,,,,,,,,
M3_hist_kde,temporal_expanding,2021,violencia_familiar_sexual,51380.0,0.6271263861431203,0.5204540740831741,0.47700160006481274,0.7489518562777226,0.9223682260340231,7.489518562777226,0.8757578628268283,20.0072322554925,1.9376084172774204,1.7282272593503363,0.4601999423172675,0.3152406931328221,0.7995392953255575,3.1524069313282213,44.0,,,,,,,,
M3_hist_kde,temporal_expanding,2021,secuestro,50066.0,0.0785851442979731,0.06565463361056721,0.42276422764227645,0.5365853658536586,0.4251256658387298,5.365853658536586,0.5365853658536586,12.551467047170322,1.9970669727923465,0.1273353848303111,0.030725620874468514,0.1651057276057276,0.26818608854624426,1.6510572760572761,34.0,,,,,,,,
M3_hist_kde,temporal_expanding,2021,__macro__,,,,,,,,,,,,,,,,,0.20870606105771414,0.030725620874468514,0.24443097653761434,0.1651057276057276,0.5463375646899944,0.26818608854624426,2.4443097653761443,1.6510572760572761
M4_temporal,temporal_expanding,2021,robo_hurto_callejero,51461.0,0.6097223267324495,0.5048189675301843,0.48704514048825426,0.7584062643942884,0.9019190573198262,7.584062643942883,0.8720291294273419,14.313444784503316,1.9155408077332312,1.2799584160527475,0.38729757722298097,0.30217953190764496,0.7605697325381221,3.0217953190764497,43.0,,,,,,,,
M4_temporal,temporal_expanding,2021,extorsion,50064.0,0.1113376176671213,0.09257700463295442,0.4140845070422535,0.676056338028169,0.5338803920818311,6.76056338028169,0.676056338028169,14.414989541293554,1.992632346087764,0.18587025361403894,0.04036309889245153,0.19414343766446449,0.31853460880717477,1.9414343766446451,36.0,,,,,,,,
M4_temporal,temporal_expanding,2021,estafa,50183.0,0.3302154297051342,0.2761920898430899,0.5896913220733838,0.820326150262085,0.8121504300297099,8.20326150262085,0.8203261502620849,118.54577676838409,1.9875573573082996,1.5077101679396054,0.127136594791236,0.24540097264141306,0.5889329716294599,2.4540097264141307,42.0,,,,,,,,
M4_temporal,temporal_expanding,2021,violencia_familiar_sexual,51380.0,0.6262702097960716,0.5169361349159662,0.4780345532983615,0.748891094322808,0.9220995220150866,7.488910943228079,0.8756868131868131,20.000730708115515,1.9375046223726118,1.7285976528259734,0.4570788936595068,0.315981446667799,0.8000260120849844,3.15981446667799,44.0,,,,,,,,
M4_temporal,temporal_expanding,2021,secuestro,50066.0,0.07858064119445338,0.06565104550405132,0.42276422764227645,0.5365853658536586,0.42493838199699485,5.365853658536586,0.5365853658536586,12.549025640654685,1.9970679298419713,0.12730945947099437,0.029546846896139133,0.1651057276057276,0.25499700556238336,1.6510572760572761,34.0,,,,,,,,
M4_temporal,temporal_expanding,2021,__macro__,,,,,,,,,,,,,,,,,0.20828460229246287,0.029546846896139133,0.2445622232974098,0.1651057276057276,0.5446120661244249,0.25499700556238336,2.4456222329740984,1.6510572760572761
M1_demografia,temporal_expanding,2022,robo_hurto_callejero,51755.0,0.637735255936305,0.5282955274068566,0.4222846843754023,0.7176972921941381,0.8850947773190071,7.176972921941381,0.8439258231361171,8.909168411627805,1.8881064569336856,1.185444224836622,0.3303838985161387,0.263858816170358,0.732308371242768,2.6385881617035793,45.0,,,,,,,,
M1_demografia,temporal_expanding,2022,extorsion,50109.0,0.2635228384037713,0.2220408029089263,0.47050938337801607,0.6282394995531725,0.720552716181769,6.282394995531725,0.6282394995531725,2.8990387020363646,1.9600754367192983,0.20971160653555587,0.10438824321629317,0.2060091313435955,0.5057657938928373,2.060091313435955,41.0,,,,,,,,
M1_demografia,temporal_expanding,2022,estafa,50238.0,0.36728612899606033,0.3077879794646619,0.522887323943662,0.7431778169014085,0.8268328289657699,7.431778169014085,0.7431778169014085,90.7919467527696,1.9864628719627215,1.5447974434517402,0.17434006618076844,0.22628128488975896,0.5801398724863323,2.2628128488975903,44.0,,,,,,,,
M1_demografia,temporal_expanding,2022,violencia_familiar_sexual,51544.0,0.6392618937110338,0.5276324167450169,0.3843392264444896,0.692271218587008,0.9019375340147219,6.92271218587008,0.8245093886771142,13.476604121782549,1.9171298839394564,1.629799600575675,0.37607696552036235,0.24006490044211354,0.7541843537686199,2.4006490044211355,43.0,,,,,,,,
M1_demografia,temporal_expanding,2022,secuestro,50065.0,0.09004980032528553,0.07576597863927648,0.33647798742138363,0.4937106918238994,0.428437693829014,4.937106918238993,0.4937106918238993,10.012761311712353,1.997056452768415,0.12871331190132695,0.03897598393678033,0.19639881708847226,0.29284103751400364,1.9639881708847227,37.0,,,,,,,,
M1_demografia,temporal_expanding,2022,__macro__,,,,,,,,,,,,,,,,,0.2048330314740686,0.03897598393678033,0.22652258998685965,0.19639881708847226,0.5730478857809123,0.29284103751400364,2.265225899868596,1.9639881708847227
M2_osm,temporal_expanding,2022,robo_hurto_callejero,51755.0,0.6417080556348448,0.5316058361691186,0.48013131356477706,0.751405398446552,0.9041809883679659,7.514053984465519,0.8835625078844456,9.690115629185588,1.89240391854385,1.178008996329586,0.4261300934091634,0.2893535778883919,0.7647272971975715,2.8935357788839187,45.0,,,,,,,,
M2_osm,temporal_expanding,2022,extorsion,50109.0,0.2645080237844887,0.22003109299410836,0.4736371760500447,0.6344950848972297,0.7275761155519426,6.344950848972297,0.6344950848972297,2.8972635015212633,1.9589687990395306,0.20935363216016992,0.13663542585883087,0.26739484298838534,0.5259027871756301,2.6739484298838527,41.0,,,,,,,,
M2_osm,temporal_expanding,2022,estafa,50238.0,0.3671157562875692,0.30260145111915054,0.5398327464788732,0.7724471830985915,0.826929483757497,7.724471830985915,0.7724471830985915,92.40701273195403,1.9865004163182332,1.5441823405007402,0.21406067300678713,0.28890330816886195,0.622844575988051,2.889033081688619,44.0,,,,,,,,
M2_osm,temporal_expanding,2022,violencia_familiar_sexual,51544.0,0.6485364556544981,0.5369994214659654,0.46580979475716316,0.7263090157827,0.9240201017670238,7.2630901578269995,0.8650491115548294,14.614271109728111,1.923287931665691,1.6214694210195066,0.49213302947334714,0.30391864027774856,0.7967682999938738,3.0391864027774846,43.0,,,,,,,,
M2_osm,temporal_expanding,2022,secuestro,50065.0,0.08952253658472781,0.07476834569993641,0.3490566037735849,0.5031446540880503,0.4302788683894124,5.031446540880503,0.5031446540880503,10.019368844795183,1.9963597754215707,0.12850953886163466,0.03463932324692132,0.22250770369431627,0.2911039835357331,2.225077036943163,37.0,,,,,,,,
M2_osm,temporal_expanding,2022,__macro__,,,,,,,,,,,,,,,,,0.26071970899901,0.03463932324692132,0.2744156146035408,0.22250770369431627,0.6002693887781718,0.2911039835357331,2.744156146035407,2.225077036943163
M3_hist_kde,temporal_expanding,2022,robo_hurto_callejero,51755.0,0.6426072324928639,0.532823844832542,0.4775350813200017,0.7467708020426554,0.9121296085943553,7.467708020426554,0.8781127791093729,10.799871492012157,1.8942503235153096,1.2111399935311122,0.3898124743677435,0.2854175695277759,0.767801589323612,2.8541756952777586,45.0,,,,,,,,
M3_hist_kde,temporal_expanding,2022,extorsion,50109.0,0.26382752354946803,0.21915632160337772,0.44727435210008937,0.6340482573726541,0.7212821108926845,6.340482573726541,0.634048257372654,3.0904603622556994,1.959183684957937,0.22139047138490076,0.08761706715416925,0.20069205216491204,0.4925199472788247,2.0069205216491204,41.0,,,,,,,,
M3_hist_kde,temporal_expanding,2022,estafa,50238.0,0.3683829194497464,0.30501041321395056,0.5237676056338029,0.7803697183098591,0.8250973769871579,7.803697183098591,0.7803697183098591,109.83597162850091,1.9869422820554261,1.5965414002183218,0.13671470416310247,0.25065182768624095,0.593103560775451,2.5065182768624097,44.0,,,,,,,,
M3_hist_kde,temporal_expanding,2022,violencia_familiar_sexual,51544.0,0.6505907585928429,0.5405706289090317,0.46501388606651767,0.7354534986113933,0.9321219111535368,7.354534986113933,0.8759403803876484,16.16890317080074,1.9243270184855443,1.6409109210513189,0.48301517902529717,0.3191515422228888,0.8107134052717244,3.1915154222288877,43.0,,,,,,,,
M3_hist_kde,temporal_expanding,2022,secuestro,50065.0,0.08958571236494131,0.07470800997465804,0.3522012578616352,0.5188679245283019,0.4317298559128087,5.188679245283018,0.5188679245283019,10.14052466199088,1.9967663072664557,0.13045033810678291,0.017769920518988094,0.21004013483729506,0.2646901725599171,2.1004013483729507,37.0,,,,,,,,
M3_hist_kde,temporal_expanding,2022,__macro__,,,,,,,,,,,,,,,,,0.2229858690458601,0.017769920518988094,0.25319062528782255,0.20069205216491204,0.5857657350419059,0.2646901725599171,2.5319062528782252,2.0069205216491204
M4_temporal,temporal_expanding,2022,robo_hurto_callejero,51755.0,0.6426873543552156,0.5328742619996101,0.47762090717933314,0.7467922585074883,0.9123535688787854,7.4679225850748825,0.8781380093351835,10.795143673174618,1.8942877834729983,1.2110328226065257,0.39115321730518104,0.2836716724422981,0.7690233834078223,2.8367167244229807,45.0,,,,,,,,
M4_temporal,temporal_expanding,2022,extorsion,50109.0,0.26382736065603174,0.21915624883404464,0.44682752457551383,0.6340482573726541,0.7214682242667529,6.340482573726541,0.634048257372654,3.090734090319268,1.9591851661512119,0.22140280795300585,0.08799532452363916,0.20128779088091991,0.4941365834580955,2.0128779088091986,41.0,,,,,,,,
M4_temporal,temporal_expanding,2022,estafa,50238.0,0.3683829194497464,0.30501041321395056,0.5237676056338029,0.7803697183098591,0.8250973769871579,7.803697183098591,0.7803697183098591,109.83597162850091,1.9869422820554261,1.5965414002183218,0.13671470416310247,0.25065182768624095,0.593103560775451,2.5065182768624097,44.0,,,,,,,,
M4_temporal,temporal_expanding,2022,violencia_familiar_sexual,51544.0,0.6505907585928429,0.5405706289090317,0.46501388606651767,0.7354534986113933,0.9321219111535368,7.354534986113933,0.8759403803876484,16.16890317080074,1.9243270184855443,1.6409109210513189,0.48301517902529717,0.3191515422228888,0.8107134052717244,3.1915154222288877,43.0,,,,,,,,
M4_temporal,temporal_expanding,2022,secuestro,50065.0,0.08973057141353294,0.07479172981013466,0.3553459119496855,0.5283018867924528,0.43188447297845317,5.283018867924528,0.5283018867924528,10.139664561378066,1.996768071983481,0.13043100942279284,0.014905439242308789,0.21100538580254602,0.26557706126304265,2.11005385802546,37.0,,,,,,,,
M4_temporal,temporal_expanding,2022,__macro__,,,,,,,,,,,,,,,,,0.2227567728519057,0.014905439242308789,0.25315364380697875,0.20128779088091991,0.5865107988352272,0.26557706126304265,2.531536438069787,2.0128779088091986
M1_demografia,temporal_expanding,2023,robo_hurto_callejero,52215.0,0.6732323119291194,0.5586919301211858,0.419962995658641,0.7075568669657649,0.891436595710858,7.075568669657649,0.8522694167686301,5.209351304892933,1.83094735795584,1.085743246742324,0.37589566850465617,0.26266473593252015,0.7442417401289986,2.6266473593252013,45.0,,,,,,,,
M1_demografia,temporal_expanding,2023,extorsion,50118.0,0.2769594523051169,0.23327044053527593,0.4299258037922506,0.6063478977741138,0.7394466089940539,6.063478977741138,0.6063478977741138,4.934959885902898,1.946123322511451,0.3167916844254688,0.10315450913560237,0.23976218094529234,0.5151731106660649,2.3976218094529234,44.0,,,,,,,,
M1_demografia,temporal_expanding,2023,estafa,50260.0,0.3798294055600742,0.3183109100819022,0.5332269008182,0.7730991818000399,0.81837783173214,7.7309918180003985,0.7730991818000399,96.07736559248703,1.986796263810683,1.6336621286920099,0.1905613900336171,0.27253646499015316,0.5973233520563684,2.725364649901532,43.0,,,,,,,,
M1_demografia,temporal_expanding,2023,violencia_familiar_sexual,51556.0,0.6440392411761688,0.5330364579875103,0.3858993190012018,0.6869074642809454,0.8763618916022282,6.869074642809454,0.8193437923070798,13.111017784725847,1.9154092935936256,1.5972287979000699,0.36129244404468036,0.2521930446383178,0.7334088702515441,2.5219304463831786,45.0,,,,,,,,
M1_demografia,temporal_expanding,2023,secuestro,50065.0,0.09443213998353084,0.07943977847934916,0.34355828220858897,0.48466257668711654,0.44443820457225314,4.846625766871165,0.48466257668711654,10.36832217516229,1.996343673466539,0.134672128386733,0.026945999199242964,0.23372820872820876,0.27859458154409783,2.337282087282087,37.0,,,,,,,,
M1_demografia,temporal_expanding,2023,__macro__,,,,,,,,,,,,,,,,,0.21157000218355976,0.026945999199242964,0.2521769270468984,0.23372820872820876,0.5737483309294147,0.27859458154409783,2.5217692704689845,2.337282087282087
M2_osm,temporal_expanding,2023,robo_hurto_callejero,52215.0,0.6787373265957978,0.5638713649829653,0.474320680105934,0.7360840699938326,0.9219781850622476,7.360840699938326,0.8866311250946803,5.7032276807689275,1.8334158706151578,1.0755609159749784,0.44456548188116723,0.30300889492304245,0.780173853278614,3.030088949230425,45.0,,,,,,,,
M2_osm,temporal_expanding,2023,extorsion,50118.0,0.27747305598453575,0.2312342173598451,0.4274525968672712,0.6187139323990107,0.7388838951048148,6.187139323990107,0.6187139323990107,4.91256797038842,1.9450767100674706,0.3152142311324772,0.13395827592245355,0.24503636203877746,0.5153237069891502,2.4503636203877743,44.0,,,,,,,,
M2_osm,temporal_expanding,2023,estafa,50260.0,0.37850272560277637,0.30981242178863694,0.5541808022350828,0.7874675713430453,0.8429887977292855,7.874675713430453,0.7874675713430453,98.20911130598483,1.9868478778824956,1.6322601655244953,0.23323297669101611,0.27479579056271364,0.616966097447089,2.7479579056271364,43.0,,,,,,,,
M2_osm,temporal_expanding,2023,violencia_familiar_sexual,51556.0,0.6521876893980416,0.5401925404533304,0.4633629323007077,0.7320570169582054,0.8965151817289516,7.320570169582053,0.873198216134427,14.289209897836699,1.9212633308422389,1.5893462744885223,0.45334239399353726,0.29710564368579634,0.7808340744881627,2.9710564368579626,45.0,,,,,,,,
M2_osm,temporal_expanding,2023,secuestro,50065.0,0.09450537113785844,0.07884883398832455,0.34662576687116564,0.5030674846625767,0.45224705168001056,5.030674846625766,0.5030674846625767,10.372392796423371,1.9961032192039523,0.13457832670403436,0.032400364085759394,0.19195624195624197,0.2653180132218932,1.919562419562419,37.0,,,,,,,,
M2_osm,temporal_expanding,2023,__macro__,,,,,,,,,,,,,,,,,0.25949989851478666,0.032400364085759394,0.26238058663331437,0.19195624195624197,0.5917231490849818,0.2653180132218932,2.623805866333144,1.919562419562419
M3_hist_kde,temporal_expanding,2023,robo_hurto_callejero,52215.0,0.6800016735653605,0.564634883499246,0.4606314923875056,0.7271715864704389,0.919977146233328,7.2717158647043885,0.8758958224086698,6.324067171701245,1.8438739092471836,1.1137827955233672,0.40880763339632914,0.3203193866498355,0.7830516561809147,3.2031938664983546,45.0,,,,,,,,
M3_hist_kde,temporal_expanding,2023,extorsion,50118.0,0.2776716817542159,0.23110906209819634,0.39406430338004944,0.6215993404781534,0.7486147803692582,6.215993404781533,0.6215993404781532,6.687359863830831,1.9498872252887023,0.36735205289486517,0.06638691435588705,0.22635994592433864,0.5142532000839048,2.263599459243386,44.0,,,,,,,,
M3_hist_kde,temporal_expanding,2023,estafa,50260.0,0.38046301155834444,0.3136490926627109,0.5190580722410697,0.7978447415685492,0.8360101448409174,7.978447415685492,0.7978447415685492,130.60355102985105,1.9892028321288422,1.7284076607101484,0.1736722136659564,0.2613429402723604,0.5972282230989102,2.613429402723603,43.0,,,,,,,,
M3_hist_kde,temporal_expanding,2023,violencia_familiar_sexual,51556.0,0.6562925251700901,0.5448509864159425,0.4616938175991454,0.7323908398985178,0.9032934659715715,7.323908398985178,0.8735964004141117,16.0989607893764,1.9260353982654188,1.6243513134926562,0.47129702645078025,0.31565728603886595,0.7863739129065289,3.156572860388659,45.0,,,,,,,,
M3_hist_kde,temporal_expanding,2023,secuestro,50065.0,0.09427436275036305,0.07870495981840026,0.34355828220858897,0.5,0.4433565058695876,5.0,0.5,10.678172519029902,1.9961006987894179,0.13883406295303466,0.008624314404259883,0.13064720564720567,0.257094430796033,1.3064720564720564,37.0,,,,,,,,
M3_hist_kde,temporal_expanding,2023,__macro__,,,,,,,,,,,,,,,,,0.22575762045464254,0.008624314404259883,0.25086535290652123,0.13064720564720567,0.5876002846132583,0.257094430796033,2.508653529065212,1.3064720564720564
M4_temporal,temporal_expanding,2023,robo_hurto_callejero,52215.0,0.6799174270645759,0.5645681485291323,0.4606314923875056,0.726784612966031,0.9187348904600492,7.26784612966031,0.8754297034318009,6.325796865392051,1.8438275941080777,1.1141447406287432,0.4152488287446122,0.32082731417232735,0.7830918522502617,3.2082731417232733,45.0,,,,,,,,
M4_temporal,temporal_expanding,2023,extorsion,50118.0,0.2776301543318909,0.2311360828055345,0.3928276999175598,0.6215993404781534,0.7474129659233084,6.215993404781533,0.6215993404781532,6.692037947068016,1.9493601149576318,0.36751702151768995,0.06357264377392718,0.2065481279603922,0.5092908912674303,2.065481279603922,44.0,,,,,,,,
M4_temporal,temporal_expanding,2023,estafa,50260.0,0.38046301155834444,0.3136490926627109,0.5190580722410697,0.7978447415685492,0.8360101448409174,7.978447415685492,0.7978447415685492,130.60355102985105,1.9892028321288422,1.7284076607101484,0.1736722136659564,0.2613429402723604,0.5972282230989102,2.613429402723603,43.0,,,,,,,,
M4_temporal,temporal_expanding,2023,violencia_familiar_sexual,51556.0,0.6562925251700901,0.5448509864159425,0.4616938175991454,0.7323908398985178,0.9032934659715715,7.323908398985178,0.8735964004141117,16.0989607893764,1.9260353982654188,1.6243513134926562,0.47129702645078025,0.31565728603886595,0.7863739129065289,3.156572860388659,45.0,,,,,,,,
M4_temporal,temporal_expanding,2023,secuestro,50065.0,0.09440678794334481,0.07885626057927057,0.34049079754601225,0.5,0.4438564016199999,5.0,0.5,10.678006018127228,1.9960570012669854,0.1387473427332047,0.010892689699931457,0.12614270114270115,0.25633071454060324,1.2614270114270114,37.0,,,,,,,,
M4_temporal,temporal_expanding,2023,__macro__,,,,,,,,,,,,,,,,,0.2269366804670415,0.010892689699931457,0.2461036739173294,0.12614270114270115,0.5864631188127468,0.25633071454060324,2.461036739173294,1.2614270114270114
M2_osm,buffered_spatial_cv,0,robo_hurto_callejero,10057.0,0.7403553490761284,0.6311048851869746,0.3373320537428023,0.6094529750479847,0.8778133869292771,6.094529750479847,0.7965506428347445,4.209218514419677,1.8092657907346954,1.4020676754454635,0.4244757702877819,0.3037046680872624,0.7821445540372326,3.0370466808726237,8.0,,,,,,,,
M2_osm,buffered_spatial_cv,0,extorsion,9695.0,0.3609570830511149,0.32557759588903723,0.2556213017751479,0.45680473372781066,0.6960446567866029,4.568047337278107,0.45680473372781066,3.367992921165178,1.9215411688774497,0.274070955962488,0.22460476147941955,0.1963657648201665,0.686200384354111,1.963657648201665,7.0,,,,,,,,
M2_osm,buffered_spatial_cv,0,estafa,9717.0,0.41012632047793496,0.3459241528082292,0.46899841017488075,0.6271860095389508,0.8110874117624345,6.271860095389507,0.6271860095389508,65.32388256069183,1.9732044067662116,1.8797203354572405,0.3589987479021252,0.19930578557341214,0.7380628358806073,1.993057855734121,7.0,,,,,,,,
M2_osm,buffered_spatial_cv,0,violencia_familiar_sexual,9966.0,0.732704472064497,0.6289837324401946,0.334628250782346,0.6066148699687062,0.8062579718902864,6.066148699687061,0.7902024177677818,12.52120849741834,1.9069573857323643,2.271638499163216,0.4841698070834077,0.18471354498673498,0.7446417909379159,1.8471354498673498,8.0,,,,,,,,
M2_osm,buffered_spatial_cv,0,secuestro,9684.0,0.06604085836702535,0.06055105070203087,0.26605504587155965,0.4954128440366973,0.3773126558792316,4.954128440366972,0.4954128440366972,12.908556373800776,1.9950537501981118,0.16141959712392098,0.0263568248773515,0.18558673469387754,0.3342260288962516,1.8558673469387752,7.0,,,,,,,,
M2_osm,buffered_spatial_cv,0,__macro__,,,,,,,,,,,,,,,,,0.3037211823260172,0.0263568248773515,0.2139352996322907,0.18471354498673498,0.6570551188212237,0.3342260288962516,2.1393529963229065,1.8471354498673498
M4_temporal,buffered_spatial_cv,0,robo_hurto_callejero,10057.0,0.765958645839307,0.674326179260072,0.3898272552783109,0.6489443378119002,0.9044263310381363,6.4894433781190015,0.8481655691439323,6.590188769666681,1.8394855064468303,1.4931711480194167,0.41000351413426683,0.22554931125918629,0.7796580257867949,2.2554931125918625,8.0,,,,,,,,
M4_temporal,buffered_spatial_cv,0,extorsion,9695.0,0.3380720209549742,0.2925275398552659,0.23550295857988165,0.49940828402366866,0.7160874687944448,4.994082840236686,0.4994082840236686,4.05285040218303,1.9301775290016625,0.33594691149193945,0.11384160565156676,0.14127019748326322,0.6425829792004077,1.4127019748326322,7.0,,,,,,,,
M4_temporal,buffered_spatial_cv,0,estafa,9717.0,0.3555602972236257,0.2996349434730856,0.4332273449920509,0.6033386327503975,0.7934324519196926,6.033386327503974,0.6033386327503975,93.05360815544356,1.974980357818829,2.036247531426402,0.2708820372339771,0.18363307283087754,0.7374256765372101,1.8363307283087755,7.0,,,,,,,,
M4_temporal,buffered_spatial_cv,0,violencia_familiar_sexual,9966.0,0.716644010099318,0.6017248961517324,0.3822704219272688,0.6271716844717816,0.8482498972758824,6.271716844717816,0.8169806016305876,16.252488885632214,1.9248198769296458,2.4359590579176653,0.435987855094163,0.20138157998110734,0.7829579802291775,2.0138157998110735,8.0,,,,,,,,
M4_temporal,buffered_spatial_cv,0,secuestro,9684.0,0.06594180748039505,0.05840930968068208,0.30275229357798167,0.46788990825688076,0.39767052850381907,4.678899082568807,0.4678899082568807,12.681466592325512,1.9945404035320873,0.16144225083098365,0.071637999758182,0.1838860544217687,0.3976536877007062,1.8388605442176869,7.0,,,,,,,,
M4_temporal,buffered_spatial_cv,0,__macro__,,,,,,,,,,,,,,,,,0.2604706023744311,0.071637999758182,0.1871440431952406,0.14127019748326322,0.6680556698908593,0.3976536877007062,1.871440431952406,1.4127019748326322
M2_osm,buffered_spatial_cv,1,robo_hurto_callejero,8513.0,0.4623637583721182,0.384692662145696,0.20822692448011676,0.36692812842028455,0.7692083225622202,3.6692812842028455,0.5604234868008637,4.025742546015993,1.7544242751174925,1.270830885317848,0.3420607832265079,0.19250235726314785,0.7462126206634717,1.925023572631478,11.0,,,,,,,,
M2_osm,buffered_spatial_cv,1,extorsion,7881.0,0.12756736729250542,0.10448739398335993,0.17523809523809525,0.3619047619047619,0.6271626832342774,3.6190476190476186,0.36190476190476184,5.52536894090616,1.9488487157725336,0.43554514535967453,0.05906585790850245,0.16231894925150428,0.48674481315575835,1.6231894925150427,11.0,,,,,,,,
M2_osm,buffered_spatial_cv,1,estafa,7912.0,0.1429538937858809,0.11596225616762133,0.2821917808219178,0.4136986301369863,0.691903486441671,4.136986301369863,0.41369863013698627,87.51181220192566,1.9730711750001593,1.760201767449321,0.16594813087691504,0.1479606956491675,0.5675227965274149,1.4796069564916747,11.0,,,,,,,,
M2_osm,buffered_spatial_cv,1,violencia_familiar_sexual,8337.0,0.2984083653776267,0.24696457672907882,0.3006682988155892,0.47191159928538345,0.857690237118003,4.719115992853834,0.7208409136850616,11.724540495355585,1.7994943479958172,1.6238383860907266,0.23252197424978407,0.19271991617933246,0.7404294038547046,1.9271991617933244,11.0,,,,,,,,
M2_osm,buffered_spatial_cv,1,secuestro,7873.0,0.045184296028003466,0.03707340884092084,0.2692307692307692,0.5,0.3621705739579035,5.0,0.5,5.608103795990152,1.9970778552568778,0.10895055612481645,0.03431743984506409,0.11282467532467533,0.23387276422221398,1.1282467532467533,10.0,,,,,,,,
M2_osm,buffered_spatial_cv,1,__macro__,,,,,,,,,,,,,,,,,0.1667828372213547,0.03431743984506409,0.1616653187335655,0.11282467532467533,0.5549564796847127,0.23387276422221398,1.6166531873356547,1.1282467532467533
M4_temporal,buffered_spatial_cv,1,robo_hurto_callejero,8513.0,0.6633592119081431,0.5330523383944366,0.232305727836556,0.39023166727471725,0.7998070748884946,3.9023166727471725,0.5960158807550324,3.8473439367122255,1.6995312685033568,1.1415550405272643,0.37442478193495937,0.2158456977881963,0.7673081547275519,2.1584569778819627,11.0,,,,,,,,
M4_temporal,buffered_spatial_cv,1,extorsion,7881.0,0.1429275915454258,0.13104314390659502,0.1580952380952381,0.2571428571428571,0.6123743719623704,2.571428571428571,0.2571428571428571,5.6814876360334035,1.9476033057454185,0.4380610476149617,0.04580203850601295,0.11916117032191478,0.4703641214854585,1.191611703219148,11.0,,,,,,,,
M4_temporal,buffered_spatial_cv,1,estafa,7912.0,0.15565595102747543,0.12704509955728394,0.29771689497716897,0.5041095890410959,0.7121985949856989,5.041095890410959,0.5041095890410958,107.19454587901028,1.9674996103215798,1.8141714400636877,0.1447116373820738,0.15505531340257922,0.5803495198950125,1.5505531340257919,11.0,,,,,,,,
M4_temporal,buffered_spatial_cv,1,violencia_familiar_sexual,8337.0,0.36065148606486724,0.29655364312982607,0.30708661417322836,0.47442599086878845,0.8765066599036079,4.7442599086878845,0.7246816252274105,5.7615171120612185,1.7351139527093713,1.326623176537955,0.3102932539757543,0.21474827762389434,0.770540899976415,2.1474827762389435,11.0,,,,,,,,
M4_temporal,buffered_spatial_cv,1,secuestro,7873.0,0.05864245099290869,0.05307173343613138,0.20512820512820512,0.41025641025641024,0.3365772044763369,4.102564102564102,0.41025641025641024,7.2375714383477545,1.9964253601243034,0.13592100794795192,0.04238227100759181,0.08382034632034632,0.24245833087501328,0.8382034632034632,10.0,,,,,,,,
M4_temporal,buffered_spatial_cv,1,__macro__,,,,,,,,,,,,,,,,,0.18352279656127846,0.04238227100759181,0.15772616109138618,0.08382034632034632,0.5662042053918902,0.24245833087501328,1.577261610913862,0.8382034632034632
M2_osm,buffered_spatial_cv,2,robo_hurto_callejero,9564.0,0.6608412555569516,0.548151556013039,0.43967893627371496,0.7363385762931733,0.904408834905045,7.363385762931733,0.8600378787878787,7.039756332125207,1.8643896544723195,1.1583137600125823,0.4150361939977265,0.38275260466007915,0.7366815104835207,3.827526046600791,9.0,,,,,,,,
M2_osm,buffered_spatial_cv,2,extorsion,9226.0,0.25784152829494567,0.22185116158145615,0.3938679245283019,0.7169811320754716,0.6491077617634443,7.169811320754716,0.7169811320754716,19.099222465510742,1.943338203936695,0.6674123340946233,0.07634122550676847,0.17824191543937618,0.48346424632458235,1.782419154393762,9.0,,,,,,,,
M2_osm,buffered_spatial_cv,2,estafa,9252.0,0.40396308693739147,0.34797048001880204,0.4980952380952381,0.7133333333333334,0.7763564060316656,7.133333333333334,0.7133333333333334,171.11434247295946,1.99362544556011,2.0033346432378165,0.21974457721797142,0.2887236015546645,0.5978320724297053,2.8872360155466446,8.0,,,,,,,,
M2_osm,buffered_spatial_cv,2,violencia_familiar_sexual,9437.0,0.6152959363874055,0.5039165919454393,0.47571499013806706,0.7720660749506904,0.8718038164198214,7.720660749506903,0.8920381712006838,14.565700683372684,1.9293193595918747,1.6428785620859114,0.41700344452811966,0.40626469362865764,0.7081481087442891,4.062646936286576,9.0,,,,,,,,
M2_osm,buffered_spatial_cv,2,secuestro,9216.0,0.06629813663073976,0.05742872267232324,0.39285714285714285,0.39285714285714285,0.30062861053635176,3.9285714285714284,0.39285714285714285,26.999425946590172,1.9962264625776664,0.1935718297619788,0.013649181538647293,0.23376623376623376,0.28728001759701627,2.3376623376623376,7.0,,,,,,,,
M2_osm,buffered_spatial_cv,2,__macro__,,,,,,,,,,,,,,,,,0.22835492455784667,0.013649181538647293,0.29794980980980224,0.17824191543937618,0.5626811911158228,0.28728001759701627,2.979498098098022,1.782419154393762
M4_temporal,buffered_spatial_cv,2,robo_hurto_callejero,9564.0,0.6456560349660136,0.531705092201818,0.4421923139289768,0.7662558780606453,0.8741302026106931,7.662558780606453,0.8949810606060605,5.593682723927954,1.8580031403905901,1.1482716598912526,0.43508558582464985,0.37295720588223136,0.7179115210813587,3.7295720588223134,9.0,,,,,,,,
M4_temporal,buffered_spatial_cv,2,extorsion,9226.0,0.2564613736681404,0.21856841341270447,0.3915094339622642,0.6957547169811321,0.6748005068917946,6.9575471698113205,0.695754716981132,19.22046692892005,1.9471182496153474,0.6484390835475227,-0.02183224854109228,0.16777541954154052,0.46907458622570963,1.6777541954154047,9.0,,,,,,,,
M4_temporal,buffered_spatial_cv,2,estafa,9252.0,0.4025285892336608,0.34505812948476505,0.4438095238095238,0.7504761904761905,0.7687951202649036,7.504761904761905,0.7504761904761905,158.6018299537667,1.9928805576305282,1.9668265366564304,0.08671901782127367,0.11223183123882058,0.5354066865143411,1.122318312388206,8.0,,,,,,,,
M4_temporal,buffered_spatial_cv,2,violencia_familiar_sexual,9437.0,0.625199669812439,0.511929376317388,0.4614151873767258,0.7811883629191322,0.8756152233412339,7.811883629191321,0.9025779803446804,12.146719526030317,1.9171095232440638,1.6780065785233367,0.4235954784200338,0.40615326088852893,0.7653153381428033,4.061532608885289,9.0,,,,,,,,
M4_temporal,buffered_spatial_cv,2,secuestro,9216.0,0.061370133799695095,0.052796823581145805,0.39285714285714285,0.44642857142857145,0.29243916460538666,4.464285714285714,0.44642857142857145,30.527449119343018,1.9961580214754138,0.2050475474427815,-0.03265387727849037,0.05936920222634508,0.1909074207512292,0.5936920222634507,7.0,,,,,,,,
M4_temporal,buffered_spatial_cv,2,__macro__,,,,,,,,,,,,,,,,,0.17818279124927494,-0.03265387727849037,0.2236973839554933,0.05936920222634508,0.5357231105430883,0.1909074207512292,2.2369738395549326,0.5936920222634507
M2_osm,buffered_spatial_cv,3,robo_hurto_callejero,16714.0,0.5374482982763281,0.44308546692731754,0.40535724891607766,0.6226762487378987,0.7464778594103029,6.226762487378987,0.6718359500160205,4.1713742587330565,1.882664907536851,0.7213280954470637,0.20388102704589528,0.18337035870362905,0.7059557492604716,1.8337035870362908,10.0,,,,,,,,
M2_osm,buffered_spatial_cv,3,extorsion,16230.0,0.23258086674862788,0.21658524096376727,0.5012919896640827,0.7002583979328165,0.6167864713979058,7.002583979328165,0.7002583979328165,3.1905431890404343,1.9890688453019962,0.18908001262855229,0.06563581748281364,0.10407445888787092,0.46009721294855704,1.040744588878709,10.0,,,,,,,,
M2_osm,buffered_spatial_cv,3,estafa,16264.0,0.30316170922069696,0.27983869329060146,0.6362683438155137,0.7819706498951782,0.7470491901894262,7.819706498951781,0.7819706498951782,53.92283568272193,1.9748079165506485,0.8100376426936948,0.13694831457412085,0.20668791164297576,0.5405555976458889,2.0668791164297575,10.0,,,,,,,,
M2_osm,buffered_spatial_cv,3,violencia_familiar_sexual,16514.0,0.6156557753276869,0.5521072876731872,0.4635832959137854,0.7665020206555905,0.8231370043267175,7.665020206555904,0.8072448690059586,10.641552231043713,1.930277189133133,1.2100445669383109,0.364564537271298,0.2707541970258575,0.7280744431272335,2.7075419702585752,10.0,,,,,,,,
M2_osm,buffered_spatial_cv,3,secuestro,16212.0,0.067135395461138,0.06217534688577374,0.40476190476190477,0.5952380952380952,0.3438037105877477,5.952380952380952,0.5952380952380951,5.950375896759046,1.9991627254293771,0.0726515960814574,0.047157827787288796,0.125,0.26711746641189504,1.25,8.0,,,,,,,,
M2_osm,buffered_spatial_cv,3,__macro__,,,,,,,,,,,,,,,,,0.16363750483228331,0.047157827787288796,0.17797738525206666,0.10407445888787092,0.5403600938788092,0.26711746641189504,1.7797738525206666,1.040744588878709
M4_temporal,buffered_spatial_cv,3,robo_hurto_callejero,16714.0,0.6010502748273245,0.5085769247792445,0.39805190948506264,0.597374829245115,0.7764090406070379,5.973748292451149,0.6445370073694329,3.248885202572739,1.87983466246931,0.6757364354694159,0.2848320039252287,0.331454245426551,0.7706673521324909,3.31454245426551,10.0,,,,,,,,
M4_temporal,buffered_spatial_cv,3,extorsion,16230.0,0.22086321384394283,0.20383706691625086,0.4754521963824289,0.7286821705426356,0.6320590390172208,7.286821705426356,0.7286821705426356,3.4355231088041234,1.9887662094132406,0.195436918325415,0.02055223858036195,0.12238612339318725,0.4511025877737955,1.2238612339318724,10.0,,,,,,,,
M4_temporal,buffered_spatial_cv,3,estafa,16264.0,0.280240275252893,0.25776175965707304,0.6048218029350105,0.6645702306079665,0.7607994930879987,6.645702306079665,0.6645702306079665,54.95607292616845,1.9785199459267302,0.8312556625761675,0.10646899332035915,0.15520609201373275,0.5496170806292506,1.5520609201373277,10.0,,,,,,,,
M4_temporal,buffered_spatial_cv,3,violencia_familiar_sexual,16514.0,0.5541597840869017,0.472347921432452,0.5520431073192635,0.7733273462056578,0.8430735068147468,7.7332734620565775,0.8144329896907216,11.465048534933938,1.9511156087934423,1.271078304479133,0.4110937453986555,0.349111710862371,0.7429332673381491,3.491117108623711,10.0,,,,,,,,
M4_temporal,buffered_spatial_cv,3,secuestro,16212.0,0.06157264763840642,0.057393869472080826,0.47619047619047616,0.5952380952380952,0.3395649866288192,5.952380952380952,0.5952380952380951,5.774047632458692,1.9991685744848287,0.07087570691009548,0.03289655038476513,0.09166666666666667,0.2633621617394944,0.9166666666666666,8.0,,,,,,,,
M4_temporal,buffered_spatial_cv,3,__macro__,,,,,,,,,,,,,,,,,0.1711687063218741,0.02055223858036195,0.20996496767250172,0.09166666666666667,0.5555364899226362,0.2633621617394944,2.0996496767250177,0.9166666666666666
M2_osm,buffered_spatial_cv,4,robo_hurto_callejero,7367.0,0.5871101156813251,0.4959952186032927,0.5501208852519992,0.7706899758229496,0.9006218507685733,7.706899758229496,0.8451106352605282,4.111948112727484,1.8203424144845486,1.3475103275959444,0.31804344592939476,0.3087115356839306,0.7455913532602905,3.087115356839307,7.0,,,,,,,,
M2_osm,buffered_spatial_cv,4,extorsion,7086.0,0.2389209702547922,0.21175957407384086,0.6816326530612244,0.710204081632653,0.6405810785124813,7.10204081632653,0.7102040816326529,13.703899641612352,1.9576054267616698,0.39699379090721587,0.030254839649663117,0.32214029812551986,0.4198274634051745,3.221402981255198,7.0,,,,,,,,
M2_osm,buffered_spatial_cv,4,estafa,7115.0,0.369574969323034,0.31951094707163386,0.6009174311926605,0.9388379204892966,0.7595006052791307,9.388379204892965,0.9388379204892965,105.97028246356409,1.9892674836656856,2.1070359826454945,0.17718357300202392,0.37218154752047994,0.5403514857593547,3.7218154752047985,7.0,,,,,,,,
M2_osm,buffered_spatial_cv,4,violencia_familiar_sexual,7302.0,0.5496261904284351,0.4686119185831051,0.542319749216301,0.7536335138216016,0.841853657803933,7.536335138216016,0.8503215434083602,13.647993350827356,1.903038079382816,2.082823464688784,0.201295440566902,0.2924824099716937,0.7270959817761152,2.9248240997169375,7.0,,,,,,,,
M2_osm,buffered_spatial_cv,4,secuestro,7080.0,-0.03663434380211692,-0.03270655246276817,0.12195121951219512,0.12195121951219512,0.2802953099263438,1.2195121951219512,0.12195121951219512,34.42635012697696,1.9980273133916722,0.19400022403673595,0.006802684461929827,0.2563636363636364,0.3010239570936139,2.5636363636363635,5.0,,,,,,,,
M2_osm,buffered_spatial_cv,4,__macro__,,,,,,,,,,,,,,,,,0.1467159967219827,0.006802684461929827,0.3103758855330521,0.2563636363636364,0.5467780482589097,0.3010239570936139,3.103758855330521,2.5636363636363635
M4_temporal,buffered_spatial_cv,4,robo_hurto_callejero,7367.0,0.6257016205000252,0.5490990257165015,0.5551422726427376,0.8554956295331969,0.9028462528698974,8.55495629533197,0.9381054348934434,5.367550473240294,1.8498048852112579,1.2452017198742258,0.3396808259351899,0.44238520634629497,0.827089851124215,4.423852063462948,7.0,,,,,,,,
M4_temporal,buffered_spatial_cv,4,extorsion,7086.0,0.23976444949313497,0.20805434003784135,0.6775510204081633,0.8,0.6785034680970365,8.0,0.8,12.539011414313734,1.9632855371450488,0.36968907123089084,0.10705775274642178,0.3782931354359925,0.4646762362829879,3.7829313543599254,7.0,,,,,,,,
M4_temporal,buffered_spatial_cv,4,estafa,7115.0,0.38627779863859185,0.34442683304489224,0.746177370030581,0.9159021406727829,0.7912887726867263,9.159021406727827,0.9159021406727827,129.40500391695124,1.9922931187354977,1.9952056950658745,0.13606477305205616,0.4040750911038227,0.5064151239877779,4.040750911038227,7.0,,,,,,,,
M4_temporal,buffered_spatial_cv,4,violencia_familiar_sexual,7302.0,0.5729771087804844,0.4839076608734036,0.5329153605015674,0.8086349387289826,0.859377282219185,8.086349387289825,0.912379421221865,18.110568156001616,1.9228439079487902,2.0855848262481573,0.3593958395788918,0.4104782874891359,0.7766204573767537,4.104782874891359,7.0,,,,,,,,
M4_temporal,buffered_spatial_cv,4,secuestro,7080.0,0.022641940035474414,0.020286566141790512,0.21951219512195122,0.4146341463414634,0.30218824321758786,4.146341463414633,0.41463414634146334,27.138399171921996,1.9978344870896494,0.1562662134719101,0.020222431894993537,0.37151515151515146,0.2578714953649477,3.715151515151515,5.0,,,,,,,,
M4_temporal,buffered_spatial_cv,4,__macro__,,,,,,,,,,,,,,,,,0.1924843246415106,0.020222431894993537,0.40134937437807955,0.37151515151515146,0.5665346328273364,0.2578714953649477,4.013493743780795,3.715151515151515
