model,crime_cat,n_cells,spearman_global,kendall_global,recall5,recall10,ndcg,pai10,pei10,nmae,smape,log_rmse,intra_spearman,intra_recall10,intra_ndcg,intra_pai,intra_n_districts,macro_intra_spearman,min_intra_spearman,macro_intra_recall10,min_intra_recall10,macro_intra_pai,min_intra_pai,macro_recall10,min_recall10,macro_ndcg,min_ndcg
M1_demografia,robo_hurto_callejero,4312.0,0.8819817001908971,0.7239188009900256,0.2464949687078169,0.447324825131918,0.8315119322460448,4.47324825131918,0.6917803344798955,0.7761751167727562,1.4959625780129306,0.9145088665239428,0.5011623718324789,0.29908857766059543,0.8105545548509993,2.9908857766059547,41.0,,,,,,,,,,
M1_demografia,extorsion,3573.0,0.759656359547412,0.6655019319490105,0.3117987079224753,0.5501530091805509,0.83997760892338,5.501530091805509,0.7550163322445171,0.838963429214854,1.822371478896504,0.486449795750603,0.2907610758322831,0.25086316006360765,0.7115212523030039,2.5086316006360767,40.0,,,,,,,,,,
M1_demografia,estafa,3762.0,0.7783769664762631,0.6531868101168851,0.34742057709122703,0.55727193238123,0.8802013144059658,5.572719323812299,0.7769199512393336,0.6712705675694027,1.663826191916128,0.4394852511963091,0.4341193168459937,0.31072168817074175,0.7916636437556737,3.1072168817074184,39.0,,,,,,,,,,
M1_demografia,violencia_familiar_sexual,4212.0,0.8718291855997157,0.7121355512783833,0.27886323268206037,0.46467655990374146,0.8630394101007761,4.646765599037415,0.7188441765644389,0.6787773796319311,1.4552985462236738,0.7721365320636502,0.46792008289626924,0.2893522676300101,0.8203972750993394,2.893522676300101,41.0,,,,,,,,,,
M1_demografia,secuestro,3353.0,0.39626574823145716,0.3679040373276883,0.3674698795180723,0.6536144578313253,0.6558669923657271,6.536144578313253,0.6536144578313252,1.190739302996438,1.9669868079875814,0.20616129746835837,0.20497807598724974,0.22549095725246618,0.5309514928752586,2.254909572524662,34.0,,,,,,,,,,
M1_demografia,__macro__,,,,,,,,,,,,,,,,,0.37978818467885495,0.20497807598724974,0.27510333015548427,0.22549095725246618,2.7510333015548425,2.254909572524662,0.5346081568857531,0.447324825131918,0.8141194516083787,0.6558669923657271
M1b_manzana,robo_hurto_callejero,4312.0,0.8971473083469734,0.7581720280809092,0.28475119646582403,0.47372376978770403,0.8486731992733985,4.73723769787704,0.732605859328668,0.7540445448374558,1.497543916922432,0.8656968379958002,0.5746886941119848,0.35531724557062705,0.8530345028820775,3.5531724557062705,41.0,,,,,,,,,,
M1b_manzana,extorsion,3573.0,0.7587925231429582,0.66382352931594,0.32063923835430125,0.5753145188711323,0.8515350998470884,5.753145188711322,0.7895473635090994,0.8375304440011261,1.8258572990923085,0.4817489182322597,0.3959711599242784,0.31074879103727093,0.7811408787651484,3.10748791037271,40.0,,,,,,,,,,
M1b_manzana,estafa,3762.0,0.8191246385807927,0.7140285151066654,0.3701544739143107,0.5963276012824249,0.8720099990701592,5.963276012824249,0.831369362047948,0.6507372932873995,1.6556556983985953,0.4211352487741134,0.4981988904458561,0.32564185420588626,0.828635586843985,3.2564185420588623,39.0,,,,,,,,,,
M1b_manzana,violencia_familiar_sexual,4212.0,0.9002175727683529,0.7651789820926042,0.309482610439466,0.5150403942015699,0.898860009415492,5.150403942015698,0.7967558943449742,0.6108018162726302,1.4136811079051594,0.6775834256659181,0.5770116298414147,0.3646716981811203,0.8930394547073485,3.6467169818112026,41.0,,,,,,,,,,
M1b_manzana,secuestro,3353.0,0.3964828871273732,0.3637007936605563,0.39156626506024095,0.7349397590361446,0.6685596773077245,7.349397590361446,0.7349397590361446,1.1845254558439606,1.9675495708616513,0.20609657236607926,0.22773412793913764,0.3539490702534181,0.5553861606549273,3.5394907025341804,34.0,,,,,,,,,,
M1b_manzana,__macro__,,,,,,,,,,,,,,,,,0.4547209004525343,0.22773412793913764,0.3420657318496645,0.31074879103727093,3.4206573184966453,3.10748791037271,0.5790692086357951,0.47372376978770403,0.8279275969827726,0.6685596773077245
M2_osm,robo_hurto_callejero,4312.0,0.9083646932811071,0.7756795378288912,0.3083123696159038,0.4869079028101608,0.8703612877839356,4.869079028101607,0.7529948997746412,0.7414766702971497,1.4877010064462437,0.8461563351210543,0.5932671122831528,0.3716734400384263,0.8844581730129055,3.7167344003842624,41.0,,,,,,,,,,
M2_osm,extorsion,3573.0,0.7691890087641348,0.67646597022741,0.3253995239714383,0.5889153349200952,0.8680671598710774,5.889153349200951,0.808212785814279,0.8337950758583987,1.82631324599878,0.48046063829742236,0.43558165185532366,0.3146834127246619,0.7787677342829783,3.1468341272466183,40.0,,,,,,,,,,
M2_osm,estafa,3762.0,0.8109288641525765,0.7038730487564302,0.38589332556106093,0.5955989507432236,0.921067848935015,5.9559895074322355,0.8303535148313694,0.6399325545641656,1.6556882213327553,0.4139366665421319,0.49275186001062654,0.31104915597257704,0.8315037516568381,3.11049155972577,39.0,,,,,,,,,,
M2_osm,violencia_familiar_sexual,4212.0,0.891330916137357,0.7474314091449525,0.3209648770984931,0.5212284421016444,0.9045584160219897,5.212284421016444,0.8063286651302961,0.5912314479677849,1.402594805621684,0.6628127267399482,0.576250424441482,0.36148514404569726,0.891580791891435,3.614851440456973,41.0,,,,,,,,,,
M2_osm,secuestro,3353.0,0.39419363935470036,0.36025106856700806,0.4036144578313253,0.6927710843373494,0.6698191291440453,6.927710843373493,0.6927710843373494,1.1821851084977757,1.9678170057455597,0.20692792520750175,0.19559798654721602,0.33747054043569386,0.5529890071070573,3.3747054043569387,34.0,,,,,,,,,,
M2_osm,__macro__,,,,,,,,,,,,,,,,,0.4586898070275602,0.19559798654721602,0.3392723386434112,0.31104915597257704,3.392723386434112,3.11049155972577,0.5770843429824947,0.4869079028101608,0.8467747683512126,0.6698191291440453
M2a_osm_centrality,robo_hurto_callejero,4312.0,0.9145562839648567,0.7872703957972327,0.30528285679224443,0.4867084918394895,0.8662414903379664,4.8670849183948945,0.7526865140552721,0.7386346589213367,1.4828049566778918,0.8414870590122817,0.5962372339433634,0.3712830300918021,0.881536851638135,3.712830300918021,41.0,,,,,,,,,,
M2a_osm_centrality,extorsion,3573.0,0.7662004328865935,0.6725807417328641,0.324039442366542,0.5848350901054064,0.867160930412546,5.848350901054063,0.8026131591227252,0.8324920532702402,1.826500967055608,0.47973722416534675,0.4004723684746464,0.3001109865332051,0.7681204598850144,3.0011098653320514,40.0,,,,,,,,,,
M2a_osm_centrality,estafa,3762.0,0.8081571938994082,0.7001842581970248,0.38851646750218594,0.5904983969688138,0.9215138587915465,5.904983969688137,0.823242584315319,0.6328465030371382,1.6527061657850934,0.4106610688145184,0.4959611305020177,0.3089701649254423,0.8336343681228444,3.0897016492544234,39.0,,,,,,,,,,
M2a_osm_centrality,violencia_familiar_sexual,4212.0,0.8982358745936294,0.7598110047412078,0.3286999369735862,0.5225004297255487,0.9055563126358679,5.225004297255486,0.8082964013472789,0.5858867503224088,1.3957005102376183,0.6602999444301305,0.5769754756757944,0.3705761383356082,0.8954960873797803,3.7057613833560814,41.0,,,,,,,,,,
M2a_osm_centrality,secuestro,3353.0,0.4048426220453681,0.37112214754408324,0.4066265060240964,0.7078313253012049,0.6810964303296816,7.078313253012048,0.7078313253012049,1.1834757620017602,1.9682821006663498,0.20630432850240732,0.23788216754478728,0.3011534048858218,0.5750628622471855,3.0115340488582176,34.0,,,,,,,,,,
M2a_osm_centrality,__macro__,,,,,,,,,,,,,,,,,0.46150567522812186,0.23788216754478728,0.3304187449543759,0.3001109865332051,3.304187449543759,3.0011098653320514,0.5784747467880926,0.4867084918394895,0.8483138045015217,0.6810964303296816
M2b_catastro,robo_hurto_callejero,4312.0,0.9100634785127274,0.7792990911593423,0.3064026260890907,0.48595686587311326,0.8722954213382959,4.859568658731132,0.7515241371130351,0.7377418737325564,1.4842147592895805,0.8411843508702715,0.5930386215881894,0.3583444543179248,0.8809847102791227,3.5834445431792474,41.0,,,,,,,,,,
M2b_catastro,extorsion,3573.0,0.7664339134875539,0.672972590510464,0.3291397483849031,0.5848350901054064,0.8679382646759153,5.848350901054063,0.8026131591227252,0.835410494749828,1.8276717968650846,0.4814155731344586,0.4103946618532327,0.2725727837019637,0.7651288462744374,2.7257278370196363,40.0,,,,,,,,,,
M2b_catastro,estafa,3762.0,0.8086099150502211,0.7009785736599529,0.38705916642378313,0.5934129991256194,0.9139286571962866,5.934129991256194,0.8273059731816336,0.6307730155140238,1.6511781479630003,0.4102331572504807,0.48846457526404674,0.3155286333832199,0.8368379829856605,3.155286333832199,39.0,,,,,,,,,,
M2b_catastro,violencia_familiar_sexual,4212.0,0.9004112231404725,0.7647786196824216,0.315051853549533,0.5239328482209362,0.9064684292379175,5.239328482209362,0.8105123205105477,0.5873768149848839,1.3954969852838213,0.660556539937718,0.5828318593007966,0.36847310812030487,0.8984987003397013,3.6847310812030485,41.0,,,,,,,,,,
M2b_catastro,secuestro,3353.0,0.40562445269855474,0.3716355926051578,0.39759036144578314,0.6987951807228916,0.6769381902378021,6.9879518072289155,0.6987951807228916,1.1789936906453786,1.967676916485637,0.2066187868678537,0.22492455321802535,0.29196586129130886,0.5487087844783429,2.9196586129130884,34.0,,,,,,,,,,
M2b_catastro,__macro__,,,,,,,,,,,,,,,,,0.4599308542448582,0.22492455321802535,0.32137696816294437,0.2725727837019637,3.2137696816294445,2.7257278370196363,0.5773865968095933,0.48595686587311326,0.8475137925372435,0.6769381902378021
M2d_mercados,robo_hurto_callejero,4312.0,0.9068483005964518,0.7734561588956214,0.3069931893483863,0.48723769787704013,0.8648520469331037,4.872376978770401,0.7535049223105206,0.736700143217165,1.4786113920470525,0.840670778707557,0.5849677843124896,0.372177246022852,0.8799914664579978,3.7217724602285203,41.0,,,,,,,,,,
M2d_mercados,extorsion,3573.0,0.7664447046542576,0.673310524597384,0.3277796667800068,0.5844950697041823,0.8532850950929399,5.844950697041822,0.8021465235650957,0.8362446448520159,1.8281792884064918,0.4817229707080321,0.4135257110303,0.28951278681666814,0.7612472015474289,2.8951278681666808,40.0,,,,,,,,,,
M2d_mercados,estafa,3762.0,0.8190770377213442,0.7164510512482932,0.38735062663946374,0.5947245700961818,0.9104443943644734,5.947245700961818,0.829134498171475,0.6315515348074706,1.6521407673695292,0.4102892971217435,0.4933353454651625,0.3156114821878513,0.8328232946873726,3.1561148218785138,39.0,,,,,,,,,,
M2d_mercados,violencia_familiar_sexual,4212.0,0.8953122970595788,0.7543205651128411,0.3214347103649802,0.5221910273305449,0.9058367697721573,5.221910273305449,0.8078177628080128,0.5849286398733985,1.3977458538722183,0.6599847436566258,0.5848334957058262,0.3686844714324612,0.8953984174913652,3.6868447143246117,41.0,,,,,,,,,,
M2d_mercados,secuestro,3353.0,0.4074671230586803,0.37647342638498865,0.4186746987951807,0.6957831325301205,0.6761712293629663,6.957831325301204,0.6957831325301205,1.190269247119658,1.9689025647119065,0.20653038497906998,0.22470526536901378,0.28934776859968675,0.5620675768330405,2.893477685996867,34.0,,,,,,,,,,
M2d_mercados,__macro__,,,,,,,,,,,,,,,,,0.4602735203765584,0.22470526536901378,0.3270667510119039,0.28934776859968675,3.2706675101190386,2.893477685996867,0.5768862995076139,0.48723769787704013,0.8421179071051281,0.6761712293629663
M2e_educacion,robo_hurto_callejero,4312.0,0.9089811572846087,0.7774325091519539,0.3139955822800344,0.48575745490244204,0.8609654067103979,4.85757454902442,0.7512157513936663,0.7341840288086451,1.4829822841434885,0.8411688389942785,0.5830322173515655,0.3658464949705534,0.8749506912055499,3.6584649497055333,41.0,,,,,,,,,,
M2e_educacion,extorsion,3573.0,0.7727664469498108,0.6824678876404965,0.3223393403604216,0.5889153349200952,0.8688040510144427,5.889153349200951,0.808212785814279,0.8410755891908627,1.8302043796736758,0.4846681657988278,0.4102470093219009,0.29737697291737025,0.7678555028833728,2.973769729173702,40.0,,,,,,,,,,
M2e_educacion,estafa,3762.0,0.813968851226828,0.7086943519547685,0.38589332556106093,0.5947245700961818,0.9115497631879782,5.947245700961818,0.829134498171475,0.6361915474414863,1.6551497752547444,0.41225187706054406,0.4948302001801598,0.308974448808789,0.8291902041401104,3.08974448808789,39.0,,,,,,,,,,
M2e_educacion,violencia_familiar_sexual,4212.0,0.9003574362399946,0.7654830972573502,0.3206554747034894,0.5228327508164785,0.9045267764549735,5.228327508164785,0.8088104945931572,0.5820347842675934,1.3967815924880789,0.66010225716998,0.5874006359943055,0.36964942057424166,0.8953548077032926,3.6964942057424164,41.0,,,,,,,,,,
M2e_educacion,secuestro,3353.0,0.407466675198531,0.3749173858467236,0.39457831325301207,0.7078313253012049,0.6774875738219449,7.078313253012048,0.7078313253012049,1.1893430127897753,1.968838030921738,0.2066745936908982,0.23055261820788947,0.3092923389838352,0.5750866880666174,3.092923389838351,34.0,,,,,,,,,,
M2e_educacion,__macro__,,,,,,,,,,,,,,,,,0.46121253621116426,0.23055261820788947,0.3302279352509579,0.29737697291737025,3.3022793525095784,2.973769729173702,0.5800122872072804,0.48575745490244204,0.8446667142379475,0.6774875738219449
M3_remote,robo_hurto_callejero,4312.0,0.9016998118975854,0.7616255730072669,0.30611884893852004,0.48635568781445576,0.8643289821954796,4.863556878144557,0.7521409085517732,0.7355488199786239,1.4919917020432465,0.8373600889241944,0.5852834703291544,0.37019703925907216,0.8789514075106187,3.701970392590722,41.0,,,,,,,,,,
M3_remote,extorsion,3573.0,0.7743741311019332,0.684922891741136,0.32607956477388644,0.5630737844270656,0.8618837649465985,5.630737844270655,0.7727484834344377,0.8312257169080061,1.829656192486285,0.4846324299546427,0.4076678325444041,0.2683687740965675,0.754989545897016,2.683687740965675,40.0,,,,,,,,,,
M3_remote,estafa,3762.0,0.7981911300387973,0.6861381190887061,0.3837073739434567,0.5945788399883416,0.9047026976309188,5.945788399883416,0.8289313287281592,0.6343492330422308,1.6564103132237185,0.4126483482536852,0.48352765663611263,0.3136909119491915,0.8353129947153051,3.136909119491915,39.0,,,,,,,,,,
M3_remote,violencia_familiar_sexual,4212.0,0.893988971609366,0.7516481560841403,0.32828740044691457,0.5191084627284708,0.9075024767712799,5.191084627284708,0.8030491047686581,0.5848306208543572,1.3988186782690462,0.6604072056031247,0.586627609953361,0.36725053560088644,0.8966043156772436,3.672505356008864,41.0,,,,,,,,,,
M3_remote,secuestro,3353.0,0.4066504751705403,0.3730006505321502,0.4126506024096386,0.6927710843373494,0.6734703891932031,6.927710843373493,0.6927710843373494,1.1836630644290624,1.9687861789424412,0.2064771531777236,0.25449623147943534,0.2914205262271119,0.5551373631366219,2.914205262271119,34.0,,,,,,,,,,
M3_remote,__macro__,,,,,,,,,,,,,,,,,0.46352056018849347,0.25449623147943534,0.3221855574265659,0.2683687740965675,3.221855574265659,2.683687740965675,0.5711775718591365,0.48635568781445576,0.8423776621474961,0.6734703891932031
M4_meta,robo_hurto_callejero,4312.0,0.9021020438712664,0.763556343045714,0.3071465824027488,0.49094214013989446,0.8627064251695413,4.909421401398944,0.7592337800972601,0.7339357741576193,1.4892655643134949,0.8348265735845251,0.5884376894020817,0.36593778315103925,0.8742710487077365,3.659377831510392,41.0,,,,,,,,,,
M4_meta,extorsion,3573.0,0.7743812797737805,0.6850997305051227,0.3233594015640938,0.5562733764025841,0.8588296962123725,5.5627337640258405,0.7634157722818479,0.8389565996411038,1.8318480644434314,0.48831283087130817,0.38228631439425487,0.28782818562198015,0.7595545960073503,2.8782818562198016,40.0,,,,,,,,,,
M4_meta,estafa,3762.0,0.7988254598781885,0.6864729140709319,0.3847274846983387,0.5939959195569805,0.9085354252109556,5.939959195569805,0.8281186509548965,0.6335593174784317,1.6571616750756837,0.4123900024117343,0.47470895017175974,0.3182089744036306,0.8277234576329682,3.1820897440363067,39.0,,,,,,,,,,
M4_meta,violencia_familiar_sexual,4212.0,0.8923400200421718,0.7468757039025752,0.3213430355812754,0.5191886781642124,0.9031670051110291,5.191886781642124,0.803173196241801,0.5827485350566621,1.3788912402398485,0.6597238427942905,0.5926250624204026,0.3704554534403346,0.894111967967564,3.7045545344033455,41.0,,,,,,,,,,
M4_meta,secuestro,3353.0,0.3999047666882244,0.364477855736201,0.40963855421686746,0.7078313253012049,0.6706162044673486,7.078313253012048,0.7078313253012049,1.1815209648711629,1.9683550686500813,0.20696672428455754,0.25443541949283055,0.2901443372271377,0.5614789528377342,2.901443372271377,34.0,,,,,,,,,,
M4_meta,__macro__,,,,,,,,,,,,,,,,,0.4584986871762659,0.25443541949283055,0.3265149467688245,0.28782818562198015,3.265149467688245,2.8782818562198016,0.5736462879129752,0.49094214013989446,0.8407709512342494,0.6706162044673486
M4a_salud,robo_hurto_callejero,4312.0,0.9045798916570921,0.7680891811156954,0.3118480795189594,0.487414099889557,0.8701804034910371,4.8741409988955695,0.7537777250622701,0.7339825480324564,1.4890214247420923,0.8356854543334524,0.5862010387344965,0.37454673298712865,0.8866110761795606,3.745467329871286,41.0,,,,,,,,,,
M4a_salud,extorsion,3573.0,0.7724889273039092,0.683101920249794,0.33219993199591974,0.5657939476368582,0.8592264289430664,5.657939476368582,0.7764815678954737,0.8381669447747826,1.8318468028552988,0.48790813115775716,0.39966823649077166,0.28689584604179486,0.757287592858354,2.8689584604179488,40.0,,,,,,,,,,
M4a_salud,estafa,3762.0,0.8118268817522785,0.7053574217936578,0.38589332556106093,0.5950160303118625,0.9070595304187211,5.950160303118624,0.8295408370581064,0.6353468347030545,1.657903327080205,0.41233892694046725,0.4884328451887562,0.32325807795419514,0.8331840182198424,3.2325807795419514,39.0,,,,,,,,,,
M4a_salud,violencia_familiar_sexual,4212.0,0.8925942513942025,0.747401558017514,0.3310147252621326,0.521526385148685,0.9055912178052264,5.215263851486849,0.8067895763162558,0.580404211914458,1.39495072907195,0.6606640471279701,0.5858501879297384,0.3692433247550275,0.9007705600398709,3.692433247550275,41.0,,,,,,,,,,
M4a_salud,secuestro,3353.0,0.4039047909765304,0.3677506810408228,0.4307228915662651,0.6927710843373494,0.6696356702897609,6.927710843373493,0.6927710843373494,1.180769289390202,1.968204404706797,0.20689205209453654,0.239410034533048,0.32362686067129803,0.5577052007847171,3.23626860671298,34.0,,,,,,,,,,
M4a_salud,__macro__,,,,,,,,,,,,,,,,,0.45991246857536205,0.239410034533048,0.33551416848188886,0.28689584604179486,3.3551416848188884,2.8689584604179488,0.5725043094648624,0.487414099889557,0.8423386501895624,0.6696356702897609
M4b_seguridad,robo_hurto_callejero,4312.0,0.9078125466979827,0.7750926711902876,0.30765277948214503,0.485450668793717,0.8669588557253652,4.85450668793717,0.7507413118254063,0.7340164545560718,1.486891005335319,0.8364557378661354,0.594496362786708,0.3754831144849955,0.8829946329214173,3.754831144849955,41.0,,,,,,,,,,
M4b_seguridad,extorsion,3573.0,0.7746397106303669,0.6846860733475598,0.3264195851751105,0.5620537232233934,0.859480962020326,5.620537232233934,0.7713485767615493,0.837338811924065,1.831054410971197,0.4879904458170558,0.40636738747586404,0.2648744713411229,0.7565280057789726,2.6487447134112285,40.0,,,,,,,,,,
M4b_seguridad,estafa,3762.0,0.8097748841731196,0.702836094621302,0.3856018653453804,0.5951617604197027,0.9083594991132761,5.951617604197026,0.8297440065014221,0.6317947158105999,1.656307851920406,0.41147763312827246,0.4841904201544932,0.3267733163045235,0.8376313767300144,3.2677331630452353,39.0,,,,,,,,,,
M4b_seguridad,violencia_familiar_sexual,4212.0,0.8954963313156092,0.7539742162028417,0.32276399472869993,0.521640978628316,0.9041353160403678,5.21640978628316,0.8069668498493174,0.5823852173068885,1.3928361024673006,0.6608917029974656,0.584683622767374,0.3661892188584607,0.9003059274594347,3.661892188584606,41.0,,,,,,,,,,
M4b_seguridad,secuestro,3353.0,0.39063485469101017,0.35393785450361875,0.4246987951807229,0.677710843373494,0.672547113641182,6.77710843373494,0.677710843373494,1.178525185863062,1.9679736978672766,0.2067135005366051,0.24055722440374652,0.2935757097761573,0.5594977672111882,2.9357570977615732,34.0,,,,,,,,,,
M4b_seguridad,__macro__,,,,,,,,,,,,,,,,,0.4620590035176371,0.24055722440374652,0.32537916615305196,0.2648744713411229,3.2537916615305194,2.6487447134112285,0.5684035948877246,0.485450668793717,0.8422963493081035,0.672547113641182
M4c_transporte,robo_hurto_callejero,4312.0,0.9064181174856356,0.7721410677185695,0.3080669407289238,0.4869615903791876,0.8686414677696023,4.869615903791876,0.7530779266990866,0.7342559055543776,1.4876769911057774,0.8368554068935051,0.5927740798257575,0.3722138299806449,0.8815141384301636,3.7221382998064487,41.0,,,,,,,,,,
M4c_transporte,extorsion,3573.0,0.7825729570569631,0.694957888393938,0.3308398503910235,0.5586535192111527,0.8627168218021406,5.586535192111526,0.7666822211852543,0.8358273329696955,1.8305601177796957,0.48658297701389197,0.4008266148036654,0.2811374023795857,0.7578512631718086,2.8113740237958567,40.0,,,,,,,,,,
M4c_transporte,estafa,3762.0,0.808898535190956,0.7009026873981963,0.382832993296415,0.5925386184785777,0.9071100995758365,5.9253861847857765,0.8260869565217391,0.6340046318759593,1.6580928452738894,0.4126258632488864,0.48930601393657086,0.320599925743048,0.8308715199903051,3.2059992574304808,39.0,,,,,,,,,,
M4c_transporte,violencia_familiar_sexual,4212.0,0.8927445125681226,0.7475116248309293,0.3246662464905747,0.5216753566722053,0.9076827757817658,5.216753566722053,0.8070200319092359,0.5805291121525439,1.390935153999817,0.6598699754495738,0.5948186323432271,0.37163847880928663,0.9003649514397415,3.716384788092866,41.0,,,,,,,,,,
M4c_transporte,secuestro,3353.0,0.3951499403428112,0.3577970166018097,0.4367469879518072,0.6716867469879518,0.6705842015449963,6.716867469879518,0.6716867469879518,1.1749938740557877,1.9676784722354967,0.207622586722479,0.24022685175081804,0.28198247564456,0.5519320146835218,2.8198247564456005,34.0,,,,,,,,,,
M4c_transporte,__macro__,,,,,,,,,,,,,,,,,0.4635904385320078,0.24022685175081804,0.32551442251142504,0.2811374023795857,3.2551442251142513,2.8113740237958567,0.566303166345815,0.4869615903791876,0.8433470732948682,0.6705842015449963
M7a_persist,robo_hurto_callejero,4312.0,0.9100410999075605,0.778960460569088,0.30124861946251075,0.4877285556510001,0.866614359513184,4.87728555651,0.7542640256197366,0.727330126890586,1.4834598810619715,0.8160930856585773,0.587224391523273,0.3756525893855897,0.8778313862742555,3.7565258938558967,41.0,,,,,,,,,,
M7a_persist,extorsion,3573.0,0.7764272678631109,0.6875320219850022,0.32573954437266234,0.5678340700442026,0.8715082312667684,5.678340700442026,0.7792813812412506,0.7529152080579391,1.785942579601584,0.42030725882365705,0.417055168598354,0.31225706621464033,0.7876749054889243,3.122570662146403,40.0,,,,,,,,,,
M7a_persist,estafa,3762.0,0.8132447903091952,0.7079429277420388,0.3754007577965608,0.5939959195569805,0.9005188441926575,5.939959195569805,0.8281186509548965,0.5915428617672494,1.6311073408131809,0.3818476960665682,0.4777714717329359,0.3324599051228896,0.8356865480024092,3.324599051228895,39.0,,,,,,,,,,
M7a_persist,violencia_familiar_sexual,4212.0,0.9070319456519839,0.7771953402827471,0.32644244542485534,0.514031971580817,0.9058339289153533,5.14031971580817,0.7951958872540329,0.5423527082546016,1.3725325115812428,0.6371499594186222,0.5767350166022648,0.3777819109634185,0.903093008985554,3.777819109634185,41.0,,,,,,,,,,
M7a_persist,secuestro,3353.0,0.38760258220406385,0.35082840424326406,0.4427710843373494,0.6656626506024096,0.6703506085150727,6.656626506024096,0.6656626506024096,1.1862092522777308,1.968650336184726,0.20707114794693154,0.24027827686454614,0.28465627243600394,0.5382572184038519,2.8465627243600387,34.0,,,,,,,,,,
M7a_persist,__macro__,,,,,,,,,,,,,,,,,0.45981286506427466,0.24027827686454614,0.33656154882450845,0.28465627243600394,3.3656154882450835,2.8465627243600387,0.565850633487082,0.4877285556510001,0.8429651944806071,0.6703506085150727
M7b_historial_esp,robo_hurto_callejero,4312.0,0.9108241974412946,0.7806721041697898,0.301754816541907,0.48456865873113264,0.8622775996372626,4.845686587311326,0.7493772980666588,0.7276456470776991,1.4801267142229955,0.8153899498250743,0.5809450175865513,0.3734137993470394,0.8787092717604575,3.734137993470394,41.0,,,,,,,,,,
M7b_historial_esp,extorsion,3573.0,0.7723958963825814,0.6805285345656084,0.3172390343420605,0.5491329479768786,0.842697773419574,5.491329479768786,0.7536164255716287,0.6432871864735902,1.7017790629305398,0.33341341646009476,0.38673976151118816,0.2830680596904728,0.7431113698537054,2.830680596904728,40.0,,,,,,,,,,
M7b_historial_esp,estafa,3762.0,0.8220968521912209,0.7208209582704184,0.36694841154182456,0.5954532206353833,0.907940429530798,5.954532206353833,0.8301503453880538,0.575391257702297,1.6152321147918667,0.37010358066236015,0.4867262389631322,0.3319829743439966,0.8403478084120124,3.319829743439966,39.0,,,,,,,,,,
M7b_historial_esp,violencia_familiar_sexual,4212.0,0.9147426290769449,0.7907084192050297,0.32695811608319486,0.5122443132985733,0.9045596667521865,5.122443132985733,0.7924304201382734,0.5374923835207491,1.365564189689615,0.6336551941881725,0.580635847113496,0.3778300340152984,0.9020328587403549,3.7783003401529838,41.0,,,,,,,,,,
M7b_historial_esp,secuestro,3353.0,0.4032748670944393,0.36843376624535956,0.463855421686747,0.6987951807228916,0.6774988039792049,6.9879518072289155,0.6987951807228916,1.184127463097802,1.9681323720127601,0.20613728555083347,0.2369653757700788,0.26982598426012744,0.5510384431413131,2.6982598426012747,34.0,,,,,,,,,,
M7b_historial_esp,__macro__,,,,,,,,,,,,,,,,,0.45440244818888925,0.2369653757700788,0.3272241703313869,0.26982598426012744,3.272241703313869,2.6982598426012747,0.5680388642729719,0.48456865873113264,0.8389948546638053,0.6774988039792049
M0_prior_uniform,robo_hurto_callejero,5948.0,,,0.0005604341550346341,0.0005684979558264993,0.7004967813831443,0.005684979558264992,0.0010551285984749274,,1.7197173548180913,,,0.0925779910607944,0.6415866620398779,0.9257799106079438,41.0,,,,,,,,,,
M0_prior_uniform,extorsion,3907.0,,,0.000243842965130456,0.001706900755913192,0.6484865579413731,0.01706900755913192,0.002692307692307692,,1.8762237003081155,,,0.114297926040516,0.6059861006834731,1.14297926040516,40.0,,,,,,,,,,
M0_prior_uniform,estafa,4370.0,,,0.0001807337791433219,0.0001807337791433219,0.6538375006159849,0.0018073377914332189,0.0002947244326554671,,1.9829594098597312,,,0.10800592995070576,0.6269190318692384,1.0800592995070575,39.0,,,,,,,,,,
M0_prior_uniform,violencia_familiar_sexual,5688.0,,,0.0018318986743356906,0.0022389872686325108,0.7053424851227535,0.022389872686325106,0.0041664121204716235,,1.7861718990712678,,,0.10428250073505195,0.6591381561425177,1.0428250073505192,41.0,,,,,,,,,,
M0_prior_uniform,secuestro,3365.0,,,0.0,0.0,0.4483869413328608,0.0,0.0,,1.91719427524222,,,0.11582986730045554,0.4657958152709484,1.1582986730045555,34.0,,,,,,,,,,
M0_prior_uniform,__macro__,,,,,,,,,,,,,,,,,,,0.10699884301750473,0.0925779910607944,1.0699884301750473,0.9257799106079438,0.0009390239519031047,0.0,0.6313100532792233,0.4483869413328608
prior_population_ref,robo_hurto_callejero,5948.0,,,6.0478505938989284e-05,0.0009878155970034915,0.7020479179313814,0.009878155970034915,0.0018333794796195548,,1.732698187837863,,0.3598357663011787,0.22634666047503477,0.7411822585080441,2.2634666047503478,41.0,,,,,,,,,,
prior_population_ref,extorsion,3907.0,,,0.000243842965130456,0.000975371860521824,0.6533817673266238,0.00975371860521824,0.0015384615384615385,,1.8561516747042297,,0.3550486875417003,0.22094654776769196,0.7067378007728016,2.209465477676919,40.0,,,,,,,,,,
prior_population_ref,estafa,4370.0,,,0.0003614675582866438,0.0003614675582866438,0.6549620570210775,0.0036146755828664378,0.0005894488653109342,,1.982495629504585,,0.33949985268267124,0.2433425614354439,0.7383679604978889,2.4334256143544395,39.0,,,,,,,,,,
prior_population_ref,violencia_familiar_sexual,5688.0,,,0.0,0.00026920374784144554,0.7066571594392068,0.002692037478414455,0.0005009469118455617,,1.7844722224969656,,0.3230312133591826,0.21107839350687094,0.7462792317958149,2.1107839350687088,41.0,,,,,,,,,,
prior_population_ref,secuestro,3365.0,,,0.0,0.0,0.4538803850422873,0.0,0.0,,1.873525106283806,,0.13864693546677823,0.29564526568203037,0.5274287956000556,2.9564526568203036,34.0,,,,,,,,,,
prior_population_ref,__macro__,,,,,,,,,,,,,,,,,0.30321249107030224,0.13864693546677823,0.23947188577341438,0.21107839350687094,2.3947188577341434,2.1107839350687088,0.0005187717527306809,0.0,0.6341858573521153,0.4538803850422873
prior_osm_ref,robo_hurto_callejero,5948.0,,,6.0478505938989284e-05,0.0007821886768109281,0.7077882437103085,0.007821886768109281,0.001451737220596709,,1.710470063777835,,0.43716959602696276,0.25232285464544346,0.790698957585298,2.5232285464544346,41.0,,,,,,,,,,
prior_osm_ref,extorsion,3907.0,,,0.0,0.000487685930260912,0.6547483073874122,0.00487685930260912,0.0007692307692307692,,1.8282799506311032,,0.3674134533654,0.2369665530200022,0.7426680106079124,2.369665530200022,40.0,,,,,,,,,,
prior_osm_ref,estafa,4370.0,,,0.0001807337791433219,0.0003614675582866438,0.6563179101929858,0.0036146755828664378,0.0005894488653109342,,1.9804545642960745,,0.34231867422613416,0.25288929202092986,0.7564036565166649,2.5288929202092985,39.0,,,,,,,,,,
prior_osm_ref,violencia_familiar_sexual,5688.0,,,5.25275605544284e-05,0.0020223110813454934,0.7091341230424457,0.020223110813454934,0.0037632109475227568,,1.7561808476809124,,0.3751203367796016,0.24093626822445857,0.7833879541903807,2.409362682244586,41.0,,,,,,,,,,
prior_osm_ref,secuestro,3365.0,,,0.0,0.0,0.45618835946516856,0.0,0.0,,1.8554577867227238,,0.23018023535267185,0.2888404455662241,0.5589366526952209,2.888404455662241,34.0,,,,,,,,,,
prior_osm_ref,__macro__,,,,,,,,,,,,,,,,,0.3504404591501541,0.23018023535267185,0.2543910826954116,0.2369665530200022,2.5439108269541166,2.369665530200022,0.0007307306493407955,0.0,0.6368353887596643,0.45618835946516856
prior_historical_ref,robo_hurto_callejero,5948.0,,,0.0006773592665166799,0.0010644217045262113,0.7038432337420033,0.010644217045262113,0.0019755599290594388,,1.5525872990945793,,0.4382091149637014,0.2777933234480244,0.810529938717277,2.777933234480244,41.0,,,,,,,,,,
prior_historical_ref,extorsion,3907.0,,,0.000243842965130456,0.001463057790782736,0.6536900067304289,0.014630577907827359,0.0023076923076923075,,1.7832408242536686,,0.37138109552466225,0.22134190818008745,0.7635456913332679,2.2134190818008745,40.0,,,,,,,,,,
prior_historical_ref,estafa,4370.0,,,0.0,0.0007229351165732876,0.6559047941796781,0.0072293511657328755,0.0011788977306218685,,1.9563548229470205,,0.3883039531125166,0.25658978764774715,0.7974556516594813,2.5658978764774716,39.0,,,,,,,,,,
prior_historical_ref,violencia_familiar_sexual,5688.0,,,0.0005252756055442841,0.0022586851038404214,0.7115829365577405,0.022586851038404212,0.004203066772557884,,1.6128897230092032,,0.46799779084546167,0.2738163316695254,0.8289690235675661,2.7381633166952537,41.0,,,,,,,,,,
prior_historical_ref,secuestro,3365.0,,,0.0,0.0,0.42744768540743405,0.0,0.0,,1.955080080205721,,0.11012189153257683,0.15217954383179294,0.4996867108647443,1.5217954383179297,34.0,,,,,,,,,,
prior_historical_ref,__macro__,,,,,,,,,,,,,,,,,0.3552027691957837,0.11012189153257683,0.23634417895543547,0.15217954383179294,2.363441789554355,1.5217954383179297,0.0011018199431445312,0.0,0.630493731323457,0.42744768540743405
M5_historial,robo_hurto_callejero,5948.0,0.8697997346412736,0.7206756862647203,0.20710662763787083,0.33457112675488465,0.8742241183206626,3.3457112675488463,0.6209618881563685,0.7061671948456185,0.921779630618,1.128869064018693,0.4623966398727641,0.3181902030916984,0.8416841341973809,3.181902030916984,41.0,,,,,,,,,,
M5_historial,extorsion,3907.0,0.8434769596049111,0.7664985993506711,0.2640819312362838,0.4442818824676908,0.892551709436905,4.442818824676908,0.7007692307692307,0.6856864179468422,0.9329367511606216,0.4168876437142512,0.3693189782475323,0.22967524151342084,0.7713642608694086,2.2967524151342085,40.0,,,,,,,,,,
M5_historial,estafa,4370.0,0.8855787357290863,0.779500509354922,0.2575456352792337,0.4181275980480752,0.8632406898613991,4.181275980480752,0.6818449749484232,0.6770287366708837,0.8797332992648973,0.557446496472658,0.3923899082483824,0.2803681525615702,0.8200545980027345,2.803681525615702,39.0,,,,,,,,,,
M5_historial,violencia_familiar_sexual,5688.0,0.8700027829532134,0.7229291224403472,0.2244962278645577,0.3670888569346229,0.8938417121997833,3.670888569346229,0.6830960962795529,0.6395099178600271,0.7869660544682514,1.042413533859284,0.48754928552447085,0.3105569402491024,0.8554150175714637,3.1055694024910236,41.0,,,,,,,,,,
M5_historial,secuestro,3365.0,0.25974001582414674,0.2552390469866392,0.3081395348837209,0.38953488372093026,0.593734081334505,3.8953488372093026,0.38953488372093026,1.5319767441860466,1.7480801902820253,0.2858558074503472,0.11012189153257683,0.15217954383179294,0.5010538079061989,1.5217954383179297,34.0,,,,,,,,,,
M5_historial,__macro__,,,,,,,,,,,,,,,,,0.36435534068514525,0.11012189153257683,0.258194016249517,0.15217954383179294,2.58194016249517,1.5217954383179297,0.39072086958524077,0.33457112675488465,0.8235184622306511,0.593734081334505
M6_stgnn_ref,robo_hurto_callejero,5948.0,0.8522213006265265,0.6675417382574245,0.16719887751892978,0.31460515599422634,0.8678931639731879,3.146051559942263,0.5839051731234052,0.7394353480305575,1.313180563226949,0.998656396423654,0.42270778724128266,0.31307301629658,0.8253437972965953,3.1307301629658,41.0,,,,,,,,,,
M6_stgnn_ref,extorsion,3907.0,,,0.005852231163130944,0.0060960741282614,0.6257755583234476,0.060960741282613994,0.009615384615384614,1.0,2.0,0.7933717499049899,,0.114297926040516,0.6092080522214801,1.14297926040516,40.0,,,,,,,,,,
M6_stgnn_ref,estafa,4370.0,,,0.16157599855412977,0.2851075365985903,0.7459294201474288,2.8510753659859027,0.4649277925139994,1.0,2.0,1.1659920364081398,,0.1056020837968596,0.6256014822655377,1.056020837968596,39.0,,,,,,,,,,
M6_stgnn_ref,violencia_familiar_sexual,5688.0,0.8383180250593897,0.6492149119638659,0.1683048699614579,0.2921451599135922,0.8461515022040644,2.9214515991359216,0.5436373633086933,0.7406024282562019,1.2703350604565797,1.0023846314203297,0.38082721550993015,0.26512963411267104,0.8032282030487892,2.6512963411267103,41.0,,,,,,,,,,
M6_stgnn_ref,secuestro,3365.0,,,0.0029069767441860465,0.0029069767441860465,0.4323553146193099,0.029069767441860465,0.0029069767441860465,1.0,2.0,0.24278715890373237,,0.11582986730045554,0.46716291231240303,1.1582986730045555,34.0,,,,,,,,,,
M6_stgnn_ref,__macro__,,,,,,,,,,,,,,,,,0.4017675013756064,0.38082721550993015,0.18278650550941647,0.1056020837968596,1.8278650550941642,1.056020837968596,0.1801721806757713,0.0029069767441860465,0.7036209918534877,0.4323553146193099
